{"x":2.0,"y":2.0,"z":2.0}
{"x":2.0,"y":2.0,"z":2.0}
{"x":2.0,"y":1.996075987815857,"z":2.0}
{"x":2.0,"y":1.996075987815857,"z":2.0}
{"x":2.0,"y":1.9882279634475709,"z":2.0}
{"x":2.0,"y":1.9882279634475709,"z":2.0}
{"x":2.0,"y":1.9764559268951417,"z":2.0}
{"x":2.0,"y":1.9764559268951417,"z":2.0}
{"x":2.0,"y":1.9607598781585694,"z":2.0}
{"x":2.0,"y":1.9607598781585694,"z":2.0}
{"x":2.0,"y":1.9411399364471436,"z":2.0}
{"x":2.0,"y":1.9411399364471436,"z":2.0}
{"x":2.0,"y":1.9175959825515748,"z":2.0}
{"x":2.0,"y":1.9175959825515748,"z":2.0}
{"x":2.0,"y":1.8901280164718629,"z":2.0}
{"x":2.0,"y":1.8901280164718629,"z":2.0}
{"x":2.0,"y":1.8587360382080079,"z":2.0}
{"x":2.0,"y":1.8587360382080079,"z":2.0}
{"x":2.0,"y":1.8234200477600098,"z":2.0}
{"x":2.0,"y":1.8234200477600098,"z":2.0}
{"x":2.0,"y":1.7841800451278687,"z":2.0}
{"x":2.0,"y":1.7841800451278687,"z":2.0}
{"x":2.0,"y":1.7410160303115845,"z":2.0}
{"x":2.0,"y":1.7410160303115845,"z":2.0}
{"x":2.0,"y":1.6939280033111573,"z":2.0}
{"x":2.0,"y":1.6939280033111573,"z":2.0}
{"x":2.0,"y":1.642915964126587,"z":2.0}
{"x":2.0,"y":1.642915964126587,"z":2.0}
{"x":2.0,"y":1.587980031967163,"z":2.0}
{"x":2.0,"y":1.587980031967163,"z":2.0}
{"x":2.0,"y":1.5291200876235963,"z":2.0}
{"x":2.0,"y":1.5291200876235963,"z":2.0}
{"x":2.0,"y":1.4663361310958863,"z":2.0}
{"x":2.0,"y":1.4663361310958863,"z":2.0}
{"x":2.0,"y":1.3996281623840333,"z":2.0}
{"x":2.0,"y":1.3996281623840333,"z":2.0}
{"x":2.0,"y":1.328996181488037,"z":2.0}
{"x":2.0,"y":1.328996181488037,"z":2.0}
{"x":2.0,"y":1.254440188407898,"z":2.0}
{"x":2.0,"y":1.254440188407898,"z":2.0}
{"x":2.0,"y":1.1759601831436158,"z":2.0}
{"x":2.0,"y":1.1759601831436158,"z":2.0}
{"x":2.0,"y":1.0935561656951905,"z":2.0}
{"x":2.0,"y":1.0935561656951905,"z":2.0}
{"x":2.0,"y":1.007228136062622,"z":2.0}
{"x":2.0,"y":1.007228136062622,"z":2.0}
{"x":2.0,"y":0.9169761538505554,"z":2.0}
{"x":2.0,"y":0.9169761538505554,"z":2.0}
{"x":2.0,"y":0.8228001594543457,"z":2.0}
{"x":2.0,"y":0.8228001594543457,"z":2.0}
{"x":2.0,"y":0.7247002124786377,"z":2.0}
{"x":2.0,"y":0.7247002124786377,"z":2.0}
{"x":2.0,"y":0.6226762533187866,"z":2.0}
{"x":2.0,"y":0.6226762533187866,"z":2.0}
{"x":2.0,"y":0.5167282819747925,"z":2.0}
{"x":2.0,"y":0.5167282819747925,"z":2.0}
{"x":2.0,"y":0.5033456683158875,"z":2.0}
{"x":2.0,"y":0.5033456683158875,"z":2.0}
{"x":2.0,"y":0.5006691217422485,"z":2.0}
{"x":2.0,"y":0.5006691217422485,"z":2.0}
{"x":2.0,"y":0.5001338124275208,"z":2.0}
{"x":2.0,"y":0.5001338124275208,"z":2.0}
{"x":2.0,"y":0.5000267624855042,"z":2.0}
{"x":2.0,"y":0.5000267624855042,"z":2.0}
{"x":2.0,"y":0.5000053644180298,"z":2.0}
{"x":2.0,"y":0.5000053644180298,"z":2.0}
{"x":2.0,"y":0.500001072883606,"z":2.0}
{"x":2.0,"y":0.500001072883606,"z":2.0}
{"x":2.0,"y":0.5000002384185791,"z":2.0}
{"x":2.0,"y":0.5000002384185791,"z":2.0}
{"x":2.0,"y":0.5000000596046448,"z":2.0}
{"x":2.0,"y":0.5000000596046448,"z":2.0}
{"x":2.0,"y":0.5,"z":2.0}
{"x":2.0,"y":0.5,"z":2.0}
{"x":2.0,"y":0.5,"z":2.0}
{"x":2.0,"y":0.5,"z":2.0}
{"x":2.0,"y":0.5,"z":2.0}
{"x":2.0,"y":0.5,"z":2.0}
{"x":2.0,"y":0.5,"z":2.0}
{"x":2.0,"y":0.5,"z":2.0}
{"x":2.0,"y":0.5,"z":2.0}
{"x":2.0,"y":0.5,"z":2.0}
{"x":2.0,"y":0.5,"z":2.0}
{"x":2.0,"y":0.5,"z":2.0}
{"x":2.0,"y":0.5,"z":2.0}
{"x":2.0,"y":0.5,"z":2.0}
{"x":2.0,"y":0.5,"z":2.0}
{"x":2.0,"y":0.5,"z":2.0}
{"x":2.0,"y":0.5,"z":2.0}
{"x":2.0,"y":0.5,"z":2.0}
{"x":2.0,"y":0.5,"z":2.0}
{"x":2.0,"y":0.5,"z":2.0}
{"x":2.0,"y":0.5,"z":2.0}
{"x":2.0,"y":0.5,"z":2.0}
{"x":2.0,"y":0.5,"z":2.0}
{"x":2.0,"y":0.5,"z":2.0}
{"x":2.0,"y":0.5,"z":2.0}
{"x":2.0,"y":0.5,"z":2.0}
{"x":2.0,"y":0.5,"z":2.0}
{"x":2.0,"y":0.5,"z":2.0}
{"x":2.0,"y":0.5,"z":2.0}
{"x":2.0,"y":0.5,"z":2.0}
{"x":2.0,"y":0.5,"z":2.0}
{"x":2.0,"y":0.5,"z":2.0}
{"x":2.0,"y":0.5,"z":2.0}
{"x":2.0,"y":0.5,"z":2.0}
{"x":2.0,"y":0.5,"z":2.0}
{"x":2.0,"y":0.5,"z":2.0}
{"x":2.0,"y":0.5,"z":2.0}
{"x":2.0,"y":0.5,"z":2.0}
{"x":2.0,"y":0.5,"z":2.0}
{"x":2.0,"y":0.5,"z":2.0}
{"x":2.0,"y":0.5,"z":2.0}
{"x":2.0,"y":0.5,"z":2.0}
{"x":2.0,"y":0.5,"z":2.0}
{"x":2.0,"y":0.5,"z":2.0}
{"x":2.0,"y":0.5,"z":2.0}
{"x":2.0,"y":0.5,"z":2.0}
{"x":2.0,"y":0.5,"z":2.0}
{"x":2.0,"y":0.5,"z":2.0}
{"x":2.0,"y":0.5,"z":2.0}
{"x":2.0,"y":0.5,"z":2.0}
{"x":2.0,"y":0.5,"z":2.0}
{"x":2.0,"y":0.5,"z":2.0}
{"x":2.0,"y":0.5,"z":2.0}
{"x":2.0,"y":0.5,"z":2.0}
{"x":2.0,"y":0.5,"z":2.0}
{"x":2.0,"y":0.5,"z":2.0}
{"x":2.0,"y":0.5,"z":2.0}
{"x":2.0,"y":0.5,"z":2.0}
{"x":2.0,"y":0.5,"z":2.0}
{"x":2.0,"y":0.5,"z":2.0}
{"x":2.0,"y":0.5,"z":2.0}
{"x":2.0,"y":0.5,"z":2.0}
{"x":2.0,"y":0.5,"z":2.0}
{"x":2.0,"y":0.5,"z":2.0}
{"x":2.0,"y":0.5,"z":2.0}
{"x":2.0,"y":0.5,"z":2.0}
{"x":2.0,"y":0.5,"z":2.0}
{"x":2.0,"y":0.5,"z":2.0}
{"x":2.0,"y":0.5,"z":2.0}
{"x":2.0,"y":0.5,"z":2.0}
{"x":2.0,"y":0.5,"z":2.0}
{"x":2.0,"y":0.5,"z":2.0}
{"x":2.0,"y":0.5,"z":2.0}
{"x":2.0,"y":0.5,"z":2.0}
{"x":2.0,"y":0.5,"z":2.0}
{"x":2.0,"y":0.5,"z":2.0}
{"x":2.0,"y":0.5,"z":2.0}
{"x":2.0,"y":0.5,"z":2.0}
{"x":2.0,"y":0.5,"z":2.0}
{"x":2.0,"y":0.5,"z":2.0}
{"x":2.0,"y":0.5,"z":2.0}
{"x":2.0,"y":0.5,"z":2.0}
{"x":2.0,"y":0.5,"z":2.0}
{"x":2.0,"y":0.5,"z":2.0}
{"x":2.0,"y":0.5,"z":2.0}
{"x":2.0,"y":0.5,"z":2.0}
{"x":2.0,"y":0.5,"z":2.0}
{"x":2.0,"y":0.5,"z":2.0}
{"x":2.0,"y":0.5,"z":2.0}
{"x":2.0,"y":0.5,"z":2.0}
{"x":2.0,"y":0.5,"z":2.0}
{"x":2.0,"y":0.5,"z":2.0}
{"x":2.0,"y":0.5,"z":2.0}
{"x":2.0,"y":0.5,"z":2.0}
{"x":2.0,"y":0.5,"z":2.0}
{"x":2.0,"y":0.5,"z":2.0}
{"x":2.0,"y":0.5,"z":2.0}
{"x":2.0,"y":0.5,"z":2.0}
{"x":2.0,"y":0.5,"z":2.0}
{"x":2.0,"y":0.5,"z":2.0}
{"x":2.0,"y":0.5,"z":2.0}
{"x":2.0,"y":0.5,"z":2.0}
{"x":2.0,"y":0.5,"z":2.0}
{"x":2.0,"y":0.5,"z":2.0}
{"x":2.0,"y":0.5,"z":2.0}
{"x":2.0,"y":0.5,"z":2.0}
{"x":2.0,"y":0.5,"z":2.0}
{"x":2.0,"y":0.5,"z":2.0}
{"x":2.0,"y":0.5,"z":2.0}
{"x":2.0,"y":0.5,"z":2.0}
{"x":2.0,"y":0.5,"z":2.0}
{"x":2.0,"y":0.5,"z":2.0}
{"x":2.0,"y":0.5,"z":2.0}
{"x":2.0,"y":0.5,"z":2.0}
{"x":2.0,"y":0.5,"z":2.0}
{"x":2.0,"y":0.5,"z":2.0}
{"x":2.0,"y":0.5,"z":2.0}
{"x":2.0,"y":0.5,"z":2.0}
{"x":2.0,"y":0.5,"z":2.0}
{"x":2.0,"y":0.5,"z":2.0}
{"x":2.0,"y":0.5,"z":2.0}
{"x":2.0,"y":0.5,"z":2.0}
{"x":2.0,"y":0.5,"z":2.0}
{"x":2.0,"y":0.5,"z":2.0}
{"x":2.0,"y":0.5,"z":2.0}
{"x":2.0,"y":0.5,"z":2.0}
{"x":2.0,"y":0.5,"z":2.0}
{"x":2.0,"y":0.5,"z":2.0}
{"x":2.0,"y":0.5,"z":2.0}
{"x":2.0,"y":0.5,"z":2.0}
{"x":2.0,"y":0.5,"z":2.0}
{"x":2.0,"y":0.5,"z":2.0}
{"x":2.0,"y":0.5,"z":2.0}
{"x":2.0,"y":0.5,"z":2.0}
{"x":2.0,"y":0.5,"z":2.0}
{"x":2.0,"y":0.5,"z":2.0}
{"x":2.0,"y":0.5,"z":2.0}
{"x":2.0,"y":0.5,"z":2.0}
{"x":2.0,"y":0.5,"z":2.0}
{"x":2.0,"y":0.5,"z":2.0}
{"x":2.0,"y":0.5,"z":2.0}
{"x":2.0,"y":0.5,"z":2.0}
{"x":2.0,"y":0.5,"z":2.0}
{"x":2.0,"y":0.5,"z":2.0}
{"x":2.0,"y":0.5,"z":2.0}
{"x":2.0,"y":0.5,"z":2.0}
{"x":2.0,"y":0.5,"z":2.0}
{"x":2.0,"y":0.5,"z":2.0}
{"x":2.0,"y":0.5,"z":2.0}
{"x":2.0,"y":0.5,"z":2.0}
{"x":2.0,"y":0.5,"z":2.0}
{"x":2.0,"y":0.5,"z":2.0}
{"x":2.0,"y":0.5,"z":2.0}
{"x":2.0,"y":0.5,"z":2.0}
{"x":2.0,"y":0.5,"z":2.0}
{"x":2.0,"y":0.5,"z":2.0}
{"x":2.0,"y":0.5,"z":2.0}
{"x":2.0,"y":0.5,"z":2.0}
{"x":2.0,"y":0.5,"z":2.0}
{"x":2.0,"y":0.5,"z":2.0}
{"x":2.0,"y":0.5,"z":2.0}
{"x":2.0,"y":0.5,"z":2.0}
{"x":2.0,"y":0.5,"z":2.0}
{"x":2.0,"y":0.5,"z":2.0}
{"x":2.0,"y":0.5,"z":2.0}
{"x":2.0,"y":0.5,"z":2.0}
{"x":2.0,"y":0.5,"z":2.0}
{"x":2.0,"y":0.5,"z":2.0}
{"x":2.0,"y":0.5,"z":2.0}
{"x":2.0,"y":0.5,"z":2.0}
{"x":2.0,"y":0.5,"z":2.0}
{"x":2.0,"y":0.5,"z":2.0}
{"x":2.0,"y":0.5,"z":2.0}
{"x":2.0,"y":0.5,"z":2.0}
{"x":2.0,"y":0.5,"z":2.0}
{"x":2.0,"y":0.5,"z":2.0}
{"x":2.0,"y":0.5,"z":2.0}
{"x":2.0,"y":0.5,"z":2.0}
{"x":2.0,"y":0.5,"z":2.0}
{"x":2.0,"y":0.5,"z":2.0}
{"x":2.0,"y":0.5,"z":2.0}
{"x":2.0,"y":0.5,"z":2.0}
{"x":2.0,"y":0.5,"z":2.0}
{"x":2.0,"y":0.5,"z":2.0}
{"x":2.0,"y":0.5,"z":2.0}
{"x":2.0,"y":0.5,"z":2.0}
{"x":2.0,"y":0.5,"z":2.0}
{"x":2.0,"y":0.5,"z":2.0}
{"x":2.0,"y":0.5,"z":2.0}
{"x":2.0,"y":0.5,"z":2.0}
{"x":2.0,"y":0.5,"z":2.0}
{"x":2.0,"y":0.5,"z":2.0}
{"x":2.0,"y":0.5,"z":2.0}
{"x":2.0,"y":0.5,"z":2.0}
{"x":2.0,"y":0.5,"z":2.0}
{"x":2.0,"y":0.5,