{"x":0.0,"y":0.5,"z":0.0}
{"x":0.0,"y":0.5,"z":0.0}
{"x":0.0,"y":0.5,"z":0.0}
{"x":0.0,"y":0.5,"z":0.0}
{"x":0.0,"y":0.5,"z":0.0}
{"x":0.0,"y":0.5,"z":0.0}
{"x":0.0,"y":0.5,"z":0.0}
{"x":0.0,"y":0.5,"z":0.0}
{"x":0.0,"y":0.5,"z":0.0}
{"x":0.0,"y":0.5,"z":0.0}
{"x":0.0,"y":0.5,"z":0.0}
{"x":0.0,"y":0.5,"z":0.0}
{"x":0.0,"y":0.5,"z":0.008588805794715882}
{"x":0.0,"y":0.5,"z":0.008588805794715882}
{"x":0.0,"y":0.5,"z":0.012315836735069752}
{"x":0.0,"y":0.5,"z":0.012315836735069752}
{"x":0.0,"y":0.5,"z":0.016962377354502679}
{"x":0.0,"y":0.5,"z":0.016962377354502679}
{"x":0.0,"y":0.5,"z":0.025953242555260659}
{"x":0.0,"y":0.5,"z":0.025953242555260659}
{"x":0.0,"y":0.5,"z":0.03335519880056381}
{"x":0.0,"y":0.5,"z":0.03335519880056381}
{"x":0.0,"y":0.5,"z":0.04189465939998627}
{"x":0.0,"y":0.5,"z":0.04189465939998627}
{"x":0.0,"y":0.5,"z":0.05683797225356102}
{"x":0.0,"y":0.5,"z":0.05683797225356102}
{"x":0.0,"y":0.5,"z":0.06822002679109574}
{"x":0.0,"y":0.5,"z":0.06822002679109574}
{"x":0.0,"y":0.5,"z":0.08073849231004715}
{"x":0.0,"y":0.5,"z":0.08073849231004715}
{"x":0.0,"y":0.5,"z":0.101643405854702}
{"x":0.0,"y":0.5,"z":0.101643405854702}
{"x":0.0,"y":0.5,"z":0.11700095981359482}
{"x":0.0,"y":0.5,"z":0.11700095981359482}
{"x":0.0,"y":0.5,"z":0.14216116070747376}
{"x":0.0,"y":0.5,"z":0.14216116070747376}
{"x":0.0,"y":0.5,"z":0.16035042703151704}
{"x":0.0,"y":0.5,"z":0.16035042703151704}
{"x":0.0,"y":0.5,"z":0.17966978251934052}
{"x":0.0,"y":0.5,"z":0.17966978251934052}
{"x":0.0,"y":0.5,"z":0.20012402534484864}
{"x":0.0,"y":0.5,"z":0.20012402534484864}
{"x":0.0,"y":0.5,"z":0.23292192816734315}
{"x":0.0,"y":0.5,"z":0.23292192816734315}
{"x":0.0,"y":0.5,"z":0.25619861483573916}
{"x":0.0,"y":0.5,"z":0.25619861483573916}
{"x":0.0,"y":0.5,"z":0.2806077003479004}
{"x":0.0,"y":0.5,"z":0.2806077003479004}
{"x":0.0,"y":0.5,"z":0.41956719756126406}
{"x":0.0,"y":0.5,"z":0.41956719756126406}
{"x":0.0,"y":0.5,"z":0.46674197912216189}
{"x":0.0,"y":0.5,"z":0.46674197912216189}
{"x":0.0,"y":0.5,"z":0.5164501070976257}
{"x":0.0,"y":0.5,"z":0.5164501070976257}
{"x":0.0,"y":0.5,"z":0.5509916543960571}
{"x":0.0,"y":0.5,"z":0.5509916543960571}
{"x":0.0,"y":0.5,"z":0.6049056053161621}
{"x":0.0,"y":0.5,"z":0.6049056053161621}
{"x":0.0,"y":0.5,"z":0.6422518491744995}
{"x":0.0,"y":0.5,"z":0.6422518491744995}
{"x":0.0,"y":0.5,"z":0.7003756761550903}
{"x":0.0,"y":0.5,"z":0.7003756761550903}
{"x":0.0,"y":0.5,"z":0.7610123157501221}
{"x":0.0,"y":0.5,"z":0.7610123157501221}
{"x":0.0,"y":0.5,"z":0.8028375506401062}
{"x":0.0,"y":0.5,"z":0.8028375506401062}
{"x":0.0,"y":0.5,"z":0.8676759600639343}
{"x":0.0,"y":0.5,"z":0.8676759600639343}
{"x":0.0,"y":0.5,"z":0.912295401096344}
{"x":0.0,"y":0.5,"z":0.912295401096344}
{"x":0.0,"y":0.5,"z":0.9813324809074402}
{"x":0.0,"y":0.5,"z":0.9813324809074402}
{"x":0.0,"y":0.5,"z":1.0287526845932007}
{"x":0.0,"y":0.5,"z":1.0287526845932007}
{"x":0.0,"y":0.5,"z":1.1019744873046876}
{"x":0.0,"y":0.5,"z":1.1019744873046876}
{"x":0.0,"y":0.5,"z":1.1521824598312379}
{"x":0.0,"y":0.5,"z":1.1521824598312379}
{"x":0.0,"y":0.5,"z":1.2295830249786378}
{"x":0.0,"y":0.5,"z":1.2295830249786378}
{"x":0.0,"y":0.5,"z":1.2825748920440674}
{"x":0.0,"y":0.5,"z":1.2825748920440674}
{"x":0.0,"y":0.5,"z":1.564207673072815}
{"x":0.0,"y":0.5,"z":1.564207673072815}
{"x":0.0,"y":0.5,"z":1.6238645315170289}
{"x":0.0,"y":0.5,"z":1.6238645315170289}
{"x":0.0,"y":0.5,"z":1.684630036354065}
{"x":0.0,"y":0.5,"z":1.684630036354065}
{"x":0.0,"y":0.5,"z":1.7465033531188965}
{"x":0.0,"y":0.5,"z":1.7465033531188965}
{"x":0.0,"y":0.5,"z":1.841389536857605}
{"x":0.0,"y":0.5,"z":1.841389536857605}
{"x":0.0,"y":0.5,"z":1.9060301780700684}
{"x":0.0,"y":0.5,"z":1.9060301780700684}
{"x":0.0,"y":0.5,"z":2.005064010620117}
{"x":0.0,"y":0.5,"z":2.005064010620117}
{"x":0.0,"y":0.5,"z":2.072467803955078}
{"x":0.0,"y":0.5,"z":2.072467803955078}
{"x":0.0,"y":0.5,"z":2.1756436824798586}
{"x":0.0,"y":0.5,"z":2.1756436824798586}
{"x":0.0,"y":0.5,"z":2.2458066940307619}
{"x":0.0,"y":0.5,"z":2.2458066940307619}
{"x":0.0,"y":0.5,"z":2.3170723915100099}
{"x":0.0,"y":0.5,"z":2.3170723915100099}
{"x":0.0,"y":0.5,"z":2.3894400596618654}
{"x":0.0,"y":0.5,"z":2.3894400596618654}
{"x":0.0,"y":0.5,"z":2.46290922164917}
{"x":0.0,"y":0.5,"z":2.46290922164917}
{"x":0.0,"y":0.5,"z":2.575176477432251}
{"x":0.0,"y":0.5,"z":2.575176477432251}
{"x":0.0,"y":0.5,"z":2.6513962745666506}
{"x":0.0,"y":0.5,"z":2.6513962745666506}
{"x":0.0,"y":0.5,"z":2.728714942932129}
{"x":0.0,"y":0.5,"z":2.728714942932129}
{"x":0.0,"y":0.5,"z":2.8071322441101076}
{"x":0.0,"y":0.5,"z":2.8071322441101076}
{"x":0.0,"y":0.5,"z":2.926816701889038}
{"x":0.0,"y":0.5,"z":2.926816701889038}
{"x":0.0,"y":0.5,"z":3.3006701469421388}
{"x":0.0,"y":0.5,"z":3.3006701469421388}
{"x":0.0,"y":0.5,"z":3.4302144050598146}
{"x":0.0,"y":0.5,"z":3.4302144050598146}
{"x":0.0,"y":0.5,"z":3.517943859100342}
{"x":0.0,"y":0.5,"z":3.517943859100342}
{"x":0.0,"y":0.5,"z":3.6067659854888918}
{"x":0.0,"y":0.5,"z":3.6067659854888918}
{"x":0.0,"y":0.5,"z":3.6966800689697267}
{"x":0.0,"y":0.5,"z":3.6966800689697267}
{"x":0.0,"y":0.5,"z":3.7876853942871095}
{"x":0.0,"y":0.5,"z":3.7876853942871095}
{"x":0.0,"y":0.5,"z":3.9262382984161379}
{"x":0.0,"y":0.5,"z":3.9262382984161379}
{"x":0.0,"y":0.5,"z":4.019969463348389}
{"x":0.0,"y":0.5,"z":4.019969463348389}
{"x":0.0,"y":0.5,"z":4.1147894859313969}
{"x":0.0,"y":0.5,"z":4.1147894859313969}
{"x":0.0,"y":0.5,"z":4.259060382843018}
{"x":0.0,"y":0.5,"z":4.259060382843018}
{"x":0.0,"y":0.5,"z":4.356600284576416}
{"x":0.0,"y":0.5,"z":4.356600284576416}
{"x":0.0,"y":0.5,"z":4.504948139190674}
{"x":0.0,"y":0.5,"z":4.504948139190674}
{"x":0.0,"y":0.5,"z":4.6052045822143559}
{"x":0.0,"y":0.5,"z":4.6052045822143559}
{"x":0.0,"y":0.5,"z":4.706546306610107}
{"x":0.0,"y":0.5,"z":4.706546306610107}
{"x":0.0,"y":0.5,"z":4.860592842102051}
{"x":0.0,"y":0.5,"z":4.860592842102051}
{"x":0.0,"y":0.5,"z":4.9646453857421879}
{"x":0.0,"y":0.5,"z":4.9646453857421879}
{"x":0.0,"y":0.5,"z":5.069781303405762}
{"x":0.0,"y":0.5,"z":5.069781303405762}
{"x":0.0,"y":0.5,"z":5.229515075683594}
{"x":0.0,"y":0.5,"z":5.229515075683594}
{"x":0.0,"y":0.5,"z":5.337356090545654}
{"x":0.0,"y":0.5,"z":5.337356090545654}
{"x":0.0,"y":0.5,"z":5.836012363433838}
{"x":0.0,"y":0.5,"z":5.836012363433838}
{"x":0.0,"y":0.5,"z":6.007085800170898}
{"x":0.0,"y":0.5,"z":6.007085800170898}
{"x":0.0,"y":0.5,"z":6.122481822967529}
{"x":0.0,"y":0.5,"z":6.122481822967529}
{"x":0.0,"y":0.5,"z":6.2975945472717289}
{"x":0.0,"y":0.5,"z":6.2975945472717289}
{"x":0.0,"y":0.5,"z":6.4156813621521}
{"x":0.0,"y":0.5,"z":6.4156813621521}
{"x":0.0,"y":0.5,"z":6.534843444824219}
{"x":0.0,"y":0.5,"z":6.534843444824219}
{"x":0.0,"y":0.5,"z":6.715601444244385}
{"x":0.0,"y":0.5,"z":6.715601444244385}
{"x":0.0,"y":0.5,"z":6.898775100708008}
{"x":0.0,"y":0.5,"z":6.898775100708008}
{"x":0.0,"y":0.5,"z":7.0222320556640629}
{"x":0.0,"y":0.5,"z":7.0222320556640629}
{"x":0.0,"y":0.5,"z":7.209427356719971}
{"x":0.0,"y":0.5,"z":7.209427356719971}
{"x":0.0,"y":0.5,"z":7.3355631828308109}
{"x":0.0,"y":0.5,"z":7.3355631828308109}
{"x":0.0,"y":0.5,"z":7.462769508361816}
{"x":0.0,"y":0.5,"z":7.462769508361816}
{"x":0.0,"y":0.5,"z":7.59104585647583}
{"x":0.0,"y":0.5,"z":7.59104585647583}
{"x":0.0,"y":0.5,"z":7.785465717315674}
{"x":0.0,"y":0.5,"z":7.785465717315674}
{"x":0.0,"y":0.5,"z":7.916414737701416}
{"x":0.0,"y":0.5,"z":7.916414737701416}
{"x":0.0,"y":0.5,"z":8.048431396484375}
{"x":0.0,"y":0.5,"z":8.048431396484375}
{"x":0.0,"y":0.5,"z":8.18151569366455}
{"x":0.0,"y":0.5,"z":8.18151569366455}
{"x":0.0,"y":0.5,"z":8.38314151763916}
{"x":0.0,"y":0.5,"z":8.38314151763916}
{"x":0.0,"y":0.5,"z":9.002399444580079}
{"x":0.0,"y":0.5,"z":9.002399444580079}
{"x":0.0,"y":0.5,"z":9.142919540405274}
{"x":0.0,"y":0.5,"z":9.142919540405274}
{"x":0.0,"y":0.5,"z":9.354945182800293}
{"x":0.0,"y":0.5,"z":9.354945182800293}
{"x":0.0,"y":0.5,"z":9.496676445007325}
{"x":0.0,"y":0.5,"z":9.496676445007325}
{"x":0.0,"y":0.5,